{
  "project_info": {
    "project_number": "450308384226",
    "firebase_url": "https://sampleproject-a577c-default-rtdb.firebaseio.com",
    "project_id": "sampleproject-a577c",
    "storage_bucket": "sampleproject-a577c.appspot.com"
  },
  "client": [
    {
      "client_info": {
        "mobilesdk_app_id": "1:450308384226:android:dd459bdc3722687bcb45bb",
        "android_client_info": {
          "package_name": "com.demoproject"
        }
      },
      "oauth_client": [
        {
          "client_id": "450308384226-k6jkiahu04s355d5mf7nvqa1emql2f8o.apps.googleusercontent.com",
          "client_type": 3
        }
      ],
      "api_key": [
        {
          "current_key": "AIzaSyD1JuaGfC679ikuCcBDFHK2auqDf3_O6ms"
        }
      ],
      "services": {
        "appinvite_service": {
          "other_platform_oauth_client": [
            {
              "client_id": "450308384226-k6jkiahu04s355d5mf7nvqa1emql2f8o.apps.googleusercontent.com",
              "client_type": 3
            }
          ]
        }
      }
    },
    {
      "client_info": {
        "mobilesdk_app_id": "1:450308384226:android:19ae2d18b2d646c1cb45bb",
        "android_client_info": {
          "package_name": "com.demoprojectapp"
        }
      },
      "oauth_client": [
        {
          "client_id": "450308384226-a3kp78t2h4k4r9b0lgh29htu78mfqa7g.apps.googleusercontent.com",
          "client_type": 1,
          "android_info": {
            "package_name": "com.demoprojectapp",
            "certificate_hash": "5e8f16062ea3cd2c4a0d547876baa6f38cabf625"
          }
        },
        {
          "client_id": "450308384226-k6jkiahu04s355d5mf7nvqa1emql2f8o.apps.googleusercontent.com",
          "client_type": 3
        }
      ],
      "api_key": [
        {
          "current_key": "AIzaSyD1JuaGfC679ikuCcBDFHK2auqDf3_O6ms"
        }
      ],
      "services": {
        "appinvite_service": {
          "other_platform_oauth_client": [
            {
              "client_id": "450308384226-k6jkiahu04s355d5mf7nvqa1emql2f8o.apps.googleusercontent.com",
              "client_type": 3
            }
          ]
        }
      }
    }
  ],
  "configuration_version": "1"
}